Workbook

Sheet Data
A1: No. | B1: Refinery Name | C1: Owner / Operator | D1: Sector | E1: State | F1: Location | G1: Year Commissioned | H1: Capacity (MMTPA) | I1: Asset Intensity Score (0 - 100) | J1: Estimated spend (cr/year) | K1: Nelson Complexity Index | L1: Possible spend on maitenance
A2: 1 | B2: Jamnagar Refinery (SEZ) | C2: Reliance Industries | D2: Private | E2: Gujarat | F2: Jamnagar | G2: 1999 | H2: 35.4 | I2: 100 | J2: =(I2/55)*690 -> 1254.5455 | K2: 21.1 | L2: =J2*0.15 -> 188.18182
A3: 2 | B3: Vadinar Refinery | C3: Nayara Energy | D3: Private | E3: Gujarat | F3: Vadinar | G3: 2008 | H3: 20 | I3: 49.5 | J3: =(I3/55)*690 -> 621 | K3: 11.8 | L3: =J3*0.15 -> 93.15
A4: 3 | B4: Kochi Refinery | C4: Bharat Petroleum (BPCL) | D4: Public | E4: Kerala | F4: Kochi | G4: 1963 | H4: 15.5 | I4: 55 | J4: =(I4/55)*690 -> 690 | K4: 10.8 | L4: =J4*0.15 -> 103.5
A5: 4 | B5: Mangalore Refinery (MRPL) | C5: ONGC | D5: Public | E5: Karnataka | F5: Mangalore | G5: 1988 | H5: 15 | I5: 46.8 | J5: =(I5/55)*690 -> 587.12727 | K5: 10.6 | L5: =J5*0.15 -> 88.069091
A6: 5 | B6: Paradip Refinery | C6: Indian Oil (IOCL) | D6: Public | E6: Odisha | F6: Paradip | G6: 2016 | H6: 15 | I6: 29.6 | J6: =(I6/55)*690 -> 371.34545 | K6: 12.2 | L6: =J6*0.15 -> 55.701818
A7: 6 | B7: Panipat Refinery | C7: Indian Oil (IOCL) | D7: Public | E7: Haryana | F7: Panipat | G7: 1998 | H7: 15 | I7: 42.8 | J7: =(I7/55)*690 -> 536.94545 | K7: 10.5 | L7: =J7*0.15 -> 80.541818
A8: 7 | B8: Gujarat Refinery | C8: Indian Oil (IOCL) | D8: Public | E8: Gujarat | F8: Vadodara | G8: 1965 | H8: 13.7 | I8: 48.3 | J8: =(I8/55)*690 -> 605.94545 | K8: 10 | L8: =J8*0.15 -> 90.891818
A9: 8 | B9: Mumbai Refinery | C9: Bharat Petroleum (BPCL) | D9: Public | E9: Maharashtra | F9: Mumbai | G9: 1955 | H9: 12 | I9: 43.8 | J9: =(I9/55)*690 -> 549.49091 | K9: 5.6 | L9: =J9*0.15 -> 82.423636
A10: 9 | B10: Guru Gobind Singh Refinery | C10: HPCL-Mittal Energy Ltd (HMEL) | D10: Joint Venture | E10: Punjab | F10: Bathinda | G10: 2012 | H10: 11.3 | I10: 25.6 | J10: =(I10/55)*690 -> 321.16364 | K10: 12.6 | L10: =J10*0.15 -> 48.174545
A11: 10 | B11: Manali Refinery | C11: CPCL (Chennai Petroleum) | D11: Public | E11: Tamil Nadu | F11: Chennai | G11: 1969 | H11: 10.5 | I11: 36.4 | J11: =(I11/55)*690 -> 456.65455 | K11: 9.5 | L11: =J11*0.15 -> 68.498182
A12: 11 | B12: Visakhapatnam Refinery | C12: Hindustan Petroleum (HPCL) | D12: Public | E12: Andhra Pradesh | F12: Visakhapatnam | G12: 1957 | H12: 8.3 | I12: 30.1 | J12: =(I12/55)*690 -> 377.61818 | K12: 7.8 | L12: =J12*0.15 -> 56.642727
A13: 12 | B13: Mathura Refinery | C13: Indian Oil (IOCL) | D13: Public | E13: Uttar Pradesh | F13: Mathura | G13: 1982 | H13: 8 | I13: 25.9 | J13: =(I13/55)*690 -> 324.92727 | K13: 8.4 | L13: =J13*0.15 -> 48.739091
... A22: 22 | B22: Digboi Refinery | C22: Indian Oil (IOCL) | D22: Public | E22: Assam | F22: Digboi | G22: 1901 | H22: 0.65 | I22: 2.7 | J22: =(I22/55)*690 -> 33.872727 | K22: 11 | L22: =J22*0.15 -> 5.0809091
A23: 21 | B23: Tatipaka Refinery | C23: ONGC | D23: Public | E23: Andhra Pradesh | F23: Tatipaka | G23: 2001 | H23: 1 | I23: 2.8 | J23: =(I23/55)*690 -> 35.127273 | L23: =J23*0.15 -> 5.2690909
I24: =AVERAGE(I2:I22) -> 31.457143
I27: 690

Sheet Bearish
B1: Year | C1: 1 | D1: 2 | E1: 3 | F1: 4 | G1: 5
B2: Adoption rate | C2: 0.02 | D2: 0.035 | E2: 0.05 | F2: 0.075 | G2: 0.1
A5: Demand
B6: Jamnagar Refinery (SEZ) | C6: =Data!L2*0.02 -> 3.7636364 | D6: =Data!L2*0.035 -> 6.5863636 | E6: =Data!L2*0.05 -> 9.4090909 | F6: =Data!L2*0.075 -> 14.113636 | G6: =Data!L2*0.1 -> 18.818182
B7: Vadinar Refinery | C7: =Data!L3*0.02 -> 1.863 | D7: =Data!L3*0.035 -> 3.26025 | E7: =Data!L3*0.05 -> 4.6575 | F7: =Data!L3*0.075 -> 6.98625 | G7: =Data!L3*0.1 -> 9.315
B8: Kochi Refinery | C8: =Data!L4*0.02 -> 2.07 | D8: =Data!L4*0.035 -> 3.6225 | E8: =Data!L4*0.05 -> 5.175 | F8: =Data!L4*0.075 -> 7.7625 | G8: =Data!L4*0.1 -> 10.35
B9: Mangalore Refinery (MRPL) | C9: =Data!L5*0.02 -> 1.7613818 | D9: =Data!L5*0.035 -> 3.0824182 | E9: =Data!L5*0.05 -> 4.4034545 | F9: =Data!L5*0.075 -> 6.6051818 | G9: =Data!L5*0.1 -> 8.8069091
B10: Paradip Refinery | C10: =Data!L6*0.02 -> 1.1140364 | D10: =Data!L6*0.035 -> 1.9495636 | E10: =Data!L6*0.05 -> 2.7850909 | F10: =Data!L6*0.075 -> 4.1776364 | G10: =Data!L6*0.1 -> 5.5701818
B11: Panipat Refinery | C11: =Data!L7*0.02 -> 1.6108364 | D11: =Data!L7*0.035 -> 2.8189636 | E11: =Data!L7*0.05 -> 4.0270909 | F11: =Data!L7*0.075 -> 6.0406364 | G11: =Data!L7*0.1 -> 8.0541818
B12: Gujarat Refinery | C12: =Data!L8*0.02 -> 1.8178364 | D12: =Data!L8*0.035 -> 3.1812136 | E12: =Data!L8*0.05 -> 4.5445909 | F12: =Data!L8*0.075 -> 6.8168864 | G12: =Data!L8*0.1 -> 9.0891818
B13: Mumbai Refinery | C13: =Data!L9*0.02 -> 1.6484727 | D13: =Data!L9*0.035 -> 2.8848273 | E13: =Data!L9*0.05 -> 4.1211818 | F13: =Data!L9*0.075 -> 6.1817727 | G13: =Data!L9*0.1 -> 8.2423636
B14: Guru Gobind Singh Refinery | C14: =Data!L10*0.02 -> 0.96349091 | D14: =Data!L10*0.035 -> 1.6861091 | E14: =Data!L10*0.05 -> 2.4087273 | F14: =Data!L10*0.075 -> 3.6130909 | G14: =Data!L10*0.1 -> 4.8174545
B15: Manali Refinery | C15: =Data!L11*0.02 -> 1.3699636 | D15: =Data!L11*0.035 -> 2.3974364 | E15: =Data!L11*0.05 -> 3.4249091 | F15: =Data!L11*0.075 -> 5.1373636 | G15: =Data!L11*0.1 -> 6.8498182
B16: Visakhapatnam Refinery | C16: =Data!L12*0.02 -> 1.1328545 | D16: =Data!L12*0.035 -> 1.9824955 | E16: =Data!L12*0.05 -> 2.8321364 | F16: =Data!L12*0.075 -> 4.2482045 | G16: =Data!L12*0.1 -> 5.6642727
B17: Mathura Refinery | C17: =Data!L13*0.02 -> 0.97478182 | D17: =Data!L13*0.035 -> 1.7058682 | E17: =Data!L13*0.05 -> 2.4369545 | F17: =Data!L13*0.075 -> 3.6554318 | G17: =Data!L13*0.1 -> 4.8739091
... B27: Tatipaka Refinery | C27: =Data!L23*0.02 -> 0.10538182 | D27: =Data!L23*0.035 -> 0.18441818 | E27: =Data!L23*0.05 -> 0.26345455 | F27: =Data!L23*0.075 -> 0.39518182 | G27: =Data!L23*0.1 -> 0.52690909

Sheet Standard
B1: Year | C1: 1 | D1: 2 | E1: 3 | F1: 4 | G1: 5
B2: Adoption rate | C2: 0.05 | D2: 0.1 | E2: 0.15 | F2: 0.225 | G2: 0.3
A5: Demand
B6: Jamnagar Refinery (SEZ) | C6: =Data!L2*0.05 -> 9.4090909 | D6: =Data!L2*0.1 -> 18.818182 | E6: =Data!L2*0.15 -> 28.227273 | F6: =Data!L2*0.225 -> 42.340909 | G6: =Data!L2*0.3 -> 56.454545
B7: Vadinar Refinery | C7: =Data!L3*0.05 -> 4.6575 | D7: =Data!L3*0.1 -> 9.315 | E7: =Data!L3*0.15 -> 13.9725 | F7: =Data!L3*0.225 -> 20.95875 | G7: =Data!L3*0.3 -> 27.945
B8: Kochi Refinery | C8: =Data!L4*0.05 -> 5.175 | D8: =Data!L4*0.1 -> 10.35 | E8: =Data!L4*0.15 -> 15.525 | F8: =Data!L4*0.225 -> 23.2875 | G8: =Data!L4*0.3 -> 31.05
B9: Mangalore Refinery (MRPL) | C9: =Data!L5*0.05 -> 4.4034545 | D9: =Data!L5*0.1 -> 8.8069091 | E9: =Data!L5*0.15 -> 13.210364 | F9: =Data!L5*0.225 -> 19.815545 | G9: =Data!L5*0.3 -> 26.420727
B10: Paradip Refinery | C10: =Data!L6*0.05 -> 2.7850909 | D10: =Data!L6*0.1 -> 5.5701818 | E10: =Data!L6*0.15 -> 8.3552727 | F10: =Data!L6*0.225 -> 12.532909 | G10: =Data!L6*0.3 -> 16.710545
B11: Panipat Refinery | C11: =Data!L7*0.05 -> 4.0270909 | D11: =Data!L7*0.1 -> 8.0541818 | E11: =Data!L7*0.15 -> 12.081273 | F11: =Data!L7*0.225 -> 18.121909 | G11: =Data!L7*0.3 -> 24.162545
B12: Gujarat Refinery | C12: =Data!L8*0.05 -> 4.5445909 | D12: =Data!L8*0.1 -> 9.0891818 | E12: =Data!L8*0.15 -> 13.633773 | F12: =Data!L8*0.225 -> 20.450659 | G12: =Data!L8*0.3 -> 27.267545
B13: Mumbai Refinery | C13: =Data!L9*0.05 -> 4.1211818 | D13: =Data!L9*0.1 -> 8.2423636 | E13: =Data!L9*0.15 -> 12.363545 | F13: =Data!L9*0.225 -> 18.545318 | G13: =Data!L9*0.3 -> 24.727091
B14: Guru Gobind Singh Refinery | C14: =Data!L10*0.05 -> 2.4087273 | D14: =Data!L10*0.1 -> 4.8174545 | E14: =Data!L10*0.15 -> 7.2261818 | F14: =Data!L10*0.225 -> 10.839273 | G14: =Data!L10*0.3 -> 14.452364
B15: Manali Refinery | C15: =Data!L11*0.05 -> 3.4249091 | D15: =Data!L11*0.1 -> 6.8498182 | E15: =Data!L11*0.15 -> 10.274727 | F15: =Data!L11*0.225 -> 15.412091 | G15: =Data!L11*0.3 -> 20.549455
B16: Visakhapatnam Refinery | C16: =Data!L12*0.05 -> 2.8321364 | D16: =Data!L12*0.1 -> 5.6642727 | E16: =Data!L12*0.15 -> 8.4964091 | F16: =Data!L12*0.225 -> 12.744614 | G16: =Data!L12*0.3 -> 16.992818
B17: Mathura Refinery | C17: =Data!L13*0.05 -> 2.4369545 | D17: =Data!L13*0.1 -> 4.8739091 | E17: =Data!L13*0.15 -> 7.3108636 | F17: =Data!L13*0.225 -> 10.966295 | G17: =Data!L13*0.3 -> 14.621727
... B27: Tatipaka Refinery | C27: =Data!L23*0.05 -> 0.26345455 | D27: =Data!L23*0.1 -> 0.52690909 | E27: =Data!L23*0.15 -> 0.79036364 | F27: =Data!L23*0.225 -> 1.1855455 | G27: =Data!L23*0.3 -> 1.5807273

Sheet Bullish
B1: Year | C1: 1 | D1: 2 | E1: 3 | F1: 4 | G1: 5
B2: Adoption rate | C2: 0.1 | D2: 0.175 | E2: 0.25 | F2: 0.365 | G2: 0.5
A5: Demand
B6: Jamnagar Refinery (SEZ) | C6: =Data!L2*0.1 -> 18.818182 | D6: =Data!L2*0.175 -> 32.931818 | E6: =Data!L2*0.25 -> 47.045455 | F6: =Data!L2*0.365 -> 68.686364 | G6: =Data!L2*0.5 -> 94.090909
B7: Vadinar Refinery | C7: =Data!L3*0.1 -> 9.315 | D7: =Data!L3*0.175 -> 16.30125 | E7: =Data!L3*0.25 -> 23.2875 | F7: =Data!L3*0.365 -> 33.99975 | G7: =Data!L3*0.5 -> 46.575
B8: Kochi Refinery | C8: =Data!L4*0.1 -> 10.35 | D8: =Data!L4*0.175 -> 18.1125 | E8: =Data!L4*0.25 -> 25.875 | F8: =Data!L4*0.365 -> 37.7775 | G8: =Data!L4*0.5 -> 51.75
B9: Mangalore Refinery (MRPL) | C9: =Data!L5*0.1 -> 8.8069091 | D9: =Data!L5*0.175 -> 15.412091 | E9: =Data!L5*0.25 -> 22.017273 | F9: =Data!L5*0.365 -> 32.145218 | G9: =Data!L5*0.5 -> 44.034545
B10: Paradip Refinery | C10: =Data!L6*0.1 -> 5.5701818 | D10: =Data!L6*0.175 -> 9.7478182 | E10: =Data!L6*0.25 -> 13.925455 | F10: =Data!L6*0.365 -> 20.331164 | G10: =Data!L6*0.5 -> 27.850909
B11: Panipat Refinery | C11: =Data!L7*0.1 -> 8.0541818 | D11: =Data!L7*0.175 -> 14.094818 | E11: =Data!L7*0.25 -> 20.135455 | F11: =Data!L7*0.365 -> 29.397764 | G11: =Data!L7*0.5 -> 40.270909
B12: Gujarat Refinery | C12: =Data!L8*0.1 -> 9.0891818 | D12: =Data!L8*0.175 -> 15.906068 | E12: =Data!L8*0.25 -> 22.722955 | F12: =Data!L8*0.365 -> 33.175514 | G12: =Data!L8*0.5 -> 45.445909
B13: Mumbai Refinery | C13: =Data!L9*0.1 -> 8.2423636 | D13: =Data!L9*0.175 -> 14.424136 | E13: =Data!L9*0.25 -> 20.605909 | F13: =Data!L9*0.365 -> 30.084627 | G13: =Data!L9*0.5 -> 41.211818
B14: Guru Gobind Singh Refinery | C14: =Data!L10*0.1 -> 4.8174545 | D14: =Data!L10*0.175 -> 8.4305455 | E14: =Data!L10*0.25 -> 12.043636 | F14: =Data!L10*0.365 -> 17.583709 | G14: =Data!L10*0.5 -> 24.087273
B15: Manali Refinery | C15: =Data!L11*0.1 -> 6.8498182 | D15: =Data!L11*0.175 -> 11.987182 | E15: =Data!L11*0.25 -> 17.124545 | F15: =Data!L11*0.365 -> 25.001836 | G15: =Data!L11*0.5 -> 34.249091
B16: Visakhapatnam Refinery | C16: =Data!L12*0.1 -> 5.6642727 | D16: =Data!L12*0.175 -> 9.9124773 | E16: =Data!L12*0.25 -> 14.160682 | F16: =Data!L12*0.365 -> 20.674595 | G16: =Data!L12*0.5 -> 28.321364
B17: Mathura Refinery | C17: =Data!L13*0.1 -> 4.8739091 | D17: =Data!L13*0.175 -> 8.5293409 | E17: =Data!L13*0.25 -> 12.184773 | F17: =Data!L13*0.365 -> 17.789768 | G17: =Data!L13*0.5 -> 24.369545
... B27: Tatipaka Refinery | C27: =Data!L23*0.1 -> 0.52690909 | D27: =Data!L23*0.175 -> 0.92209091 | E27: =Data!L23*0.25 -> 1.3172727 | F27: =Data!L23*0.365 -> 1.9232182 | G27: =Data!L23*0.5 -> 2.6345455
